numCinema,annee,nbEntrees
55,2019,49579
204,2019,178752
301,2019,421267
451,2019,356071
731,2019,145188
891,2019,56566
1393,2019,3631
1681,2019,36968
7231,2019,42191
8331,2019,512221
8353,2019,144823
8422,2019,47744
8514,2019,103248
9351,2019,56639
9600,2019,487926
9616,2019,91197
9906,2019,807114
75492,2019,5869
67333,2019,10392
12401,2019,6619
14071,2019,334960
14073,2019,113700
74553,2019,7447
48422,2019,135934
76073,2019,53620
45266,2019,43434
11101,2019,11281
77732,2019,8316
84292,2019,21190
11527,2019,14848
13405,2019,7477
27833,2019,250009
86693,2019,57693
86952,2019,11293
49632,2019,118142
73021,2019,515859
82762,2019,159636
85902,2019,54187
14102,2019,33263
86544,2019,18119
30891,2019,5830
17325,2019,420743
19325,2019,11694
57473,2019,53911
80572,2019,50804
19464,2019,7658
19491,2019,11083
19507,2019,12091
38772,2019,20454
25722,2019,15338
23102,2019,4580
84556,2019,4515
68046,2019,321585
25038,2019,358406
29144,2019,4332
25571,2019,90583
92542,2019,71785
30164,2019,9494
30184,2019,10674
57582,2019,155555
61504,2019,23163
67324,2019,53224
31544,2019,7390
57172,2019,38664
36672,2019,340664
72881,2019,332441
33801,2019,21841
58272,2019,447869
34182,2019,42030
37881,2019,2342
89152,2019,33770
39428,2019,29468
44892,2019,9530
45372,2019,59859
47645,2019,25236
59690,2019,24914
69641,2019,45804
73423,2019,54550
50901,2019,1169
65861,2019,28420
86832,2019,2963
55532,2019,16941
86031,2019,6926
60942,2019,61122
92329,2019,255206
61082,2019,14071
85211,2019,8621
88991,2019,17014
68371,2019,56986
75694,2019,12378
80991,2019,21177
81673,2019,20530
81080,2019,12650
84761,2019,29708
86930,2019,9108
85323,2019,29463
85861,2019,342806
93201,2019,17404
99411,2019,8688
101491,2019,5575
101692,2019,38440
102284,2019,72013
102531,2019,396093
102853,2019,17268
103922,2019,9755
104051,2019,8139
104091,2019,51332
104881,2019,2772
104994,2019,13382
105091,2019,69387
105652,2019,36170
105931,2019,6242
106072,2019,52738
107251,2019,47917
113523,2019,755213
113611,2019,730099
115891,2019,2896
117051,2019,80192
117341,2019,38974
117921,2019,9686
119305,2019,339013
119331,2019,5993
120181,2019,12051
121951,2019,9731
122291,2019,92168
122720,2019,34926
123373,2019,265965
125201,2019,161556
127232,2019,19716
127571,2019,29848
128114,2019,16209
128142,2019,98632
128535,2019,625517
136773,2019,17143
138172,2019,22018
138595,2019,24482
138715,2019,35858
140082,2019,33089
140521,2019,5679
142082,2019,13380
142371,2019,4541
142752,2019,22269
142995,2019,9018
144230,2019,7174
146576,2019,7551
148227,2019,778548
148321,2019,61577
150801,2019,502282
152882,2019,629483
154488,2019,255441
154813,2019,7406
154921,2019,16659
155711,2019,534529
157011,2019,30279
158801,2019,11303
159923,2019,148985
160410,2019,614679
162844,2019,23639
170435,2019,45108
172043,2019,27404
172104,2019,12654
172662,2019,14769
172741,2019,75681
172860,2019,1074288
172914,2019,10395
172961,2019,3049
175923,2019,348342
176722,2019,26617
176873,2019,22451
178423,2019,14180
179902,2019,32141
182282,2019,2910
182931,2019,33605
184053,2019,11708
184364,2019,564824
184581,2019,495495
185116,2019,15335
186232,2019,484744
187191,2019,31240
187441,2019,81568
188681,2019,6440
191372,2019,10
193373,2019,21346
197622,2019,25513
198721,2019,494739
201524,2019,20031
201632,2019,25404
201821,2019,41905
202085,2019,30890
202214,2019,1111
202562,2019,10433
205001,2019,22451
210701,2019,13088
213462,2019,73105
214541,2019,5173
217372,2019,300510
224532,2019,22765
227031,2019,4719
227982,2019,58188
229261,2019,913512
232586,2019,5857
232943,2019,552888
233722,2019,39328
233742,2019,36114
233941,2019,54771
235561,2019,18516
235831,2019,2227
236833,2019,1566
237945,2019,50429
238021,2019,38795
239121,2019,22931
242422,2019,19073
244496,2019,12020
244715,2019,13113
246432,2019,24592
249942,2019,20767
252134,2019,9870
252991,2019,27545
253313,2019,8867
253442,2019,61485
254781,2019,989339
255911,2019,11533
258652,2019,29682
258732,2019,150877
258952,2019,193058
261581,2019,188548
262622,2019,44554
263372,2019,36470
264151,2019,297740
267243,2019,29808
267433,2019,11075
267481,2019,72000
268122,2019,380504
268583,2019,13952
269255,2019,34346
270673,2019,12893
271071,2019,95908
271162,2019,38330
272101,2019,22346
274272,2019,10854
274732,2019,9270
275205,2019,4020
275273,2019,1118843
275751,2019,8938
276221,2019,137
276351,2019,35009
276712,2019,12268
279662,2019,135851
282092,2019,18859
282411,2019,10942
282651,2019,21412
282999,2019,116015
284694,2019,2493
285966,2019,31122
285975,2019,25645
286912,2019,746279
290093,2019,870703
290975,2019,21390
291822,2019,11031
291891,2019,15161
291964,2019,17359
292231,2019,4128
292374,2019,10101
294314,2019,55119
294861,2019,44760
295254,2019,16013
295493,2019,217845
297122,2019,3512
297601,2019,190426
297962,2019,2178
299122,2019,78453
300171,2019,4009
301624,2019,23493
301781,2019,18900
302453,2019,17723
304442,2019,55598
305031,2019,11499
307692,2019,2837
308231,2019,91446
308361,2019,41040
309443,2019,45239
313704,2019,1170575
314413,2019,41793
314823,2019,87985
315332,2019,60640
317384,2019,48424
318661,2019,627821
318711,2019,212663
318981,2019,250466
320532,2019,9402
320561,2019,44687
321135,2019,33014
321912,2019,6220
322592,2019,20
323812,2019,10011
323840,2019,70790
324302,2019,15100
329162,2019,10530
329501,2019,6968
333600,2019,10087
334921,2019,35772
335711,2019,44869
338172,2019,54422
338590,2019,117183
338953,2019,13936
339311,2019,26600
339491,2019,22636
339851,2019,22833
342332,2019,11006
344002,2019,2732
347162,2019,124790
348315,2019,35007
348442,2019,42216
350023,2019,678476
350390,2019,12551
352223,2019,613624
353161,2019,1742
355993,2019,33778
356871,2019,97189
362034,2019,25254
362651,2019,149148
363131,2019,7858
364945,2019,23011
365434,2019,9612
365721,2019,7408
367911,2019,20999
371581,2019,5122
372146,2019,121010
372181,2019,8516
372341,2019,156023
373722,2019,5370
376531,2019,12215
377271,2019,26445
379013,2019,255222
379403,2019,158579
381941,2019,141380
383245,2019,21594
383585,2019,52708
383961,2019,11104
385401,2019,2956
385793,2019,6881
386782,2019,31360
387041,2019,97531
388371,2019,10265
390791,2019,9243
391331,2019,20040
398251,2019,6017
399432,2019,29880
402249,2019,294
404692,2019,73682
405441,2019,856488
407211,2019,16690
407220,2019,11343
409463,2019,82639
411540,2019,22179
412322,2019,52566
412415,2019,16736
412623,2019,21429
416701,2019,14298
421997,2019,45532
422160,2019,17736
426120,2019,19491
426273,2019,178263
426924,2019,371477
429132,2019,93285
430102,2019,7281
430455,2019,49414
431732,2019,55151
431801,2019,13261
434682,2019,4162
437682,2019,24116
438461,2019,7939
439502,2019,365860
439990,2019,6048
440961,2019,221723
441953,2019,108347
444791,2019,234737
447605,2019,110992
448762,2019,40901
448981,2019,2543
449661,2019,23954
450503,2019,322798
452961,2019,7980
454531,2019,2908
463842,2019,6377
464453,2019,10650
465193,2019,50733
466201,2019,38780
468243,2019,373049
468473,2019,775391
468533,2019,280128
469245,2019,18232
470161,2019,9564
575001,2019,7065
700250,2019,18090
703300,2019,70784
706850,2019,8135
709650,2019,292390
719456,2019,19070
720700,2019,28709
720950,2019,22228
721200,2019,2433
721250,2019,87679
722760,2019,67221
723480,2019,362866
723600,2019,2493
724048,2019,190614
724120,2019,76386
724520,2019,104716
31,2019,202673
321,2019,736722
733,2019,272449
802,2019,68457
821,2019,45652
1791,2019,73963
3741,2019,178817
8291,2019,151155
8341,2019,36427
8374,2019,31750
8451,2019,23061
8632,2019,100495
9900,2019,149092
10992,2019,547650
11592,2019,19806
12454,2019,31740
12562,2019,155968
13423,2019,188613
13686,2019,68288
14114,2019,32221
14445,2019,27972
14693,2019,613992
17082,2019,437310
17303,2019,11145
17326,2019,785467
18701,2019,9380
19941,2019,620831
19945,2019,6200
19984,2019,659381
21571,2019,462714
23262,2019,4234
23491,2019,46949
24753,2019,149128
25032,2019,5979
28113,2019,39095
28264,2019,10702
28661,2019,15005
28732,2019,10431
28991,2019,23106
29373,2019,12615
29741,2019,228152
33751,2019,31751
36602,2019,6463
38592,2019,28415
38931,2019,45458
42011,2019,3876
42075,2019,15673
45876,2019,8511
45877,2019,195279
46862,2019,7261
49522,2019,123926
50033,2019,8109
50833,2019,776350
53122,2019,6126
58735,2019,3208
58773,2019,20733
59033,2019,550188
61132,2019,327818
67734,2019,11067
68212,2019,2689
68561,2019,67870
68562,2019,57900
71942,2019,473892
73099,2019,20543
73371,2019,7788
73582,2019,42705
77351,2019,50735
77733,2019,17608
78505,2019,57045
80391,2019,111572
81311,2019,34777
81414,2019,14892
81541,2019,5456
81545,2019,49978
82392,2019,8739
82603,2019,12339
83071,2019,34968
84734,2019,12045
84774,2019,7791
84781,2019,71699
84782,2019,9721
86103,2019,65252
86353,2019,21486
86860,2019,14212
88111,2019,136408
89105,2019,152692
90191,2019,603674
91492,2019,3974
92441,2019,114671
94743,2019,18406
95044,2019,11714
95076,2019,30109
96184,2019,88654
96641,2019,40029
99031,2019,50525
103201,2019,11077
103561,2019,2557
104164,2019,15897
104181,2019,2447
104642,2019,65167
104661,2019,152959
104851,2019,15015
105375,2019,5202
106181,2019,1545255
107043,2019,4462
108192,2019,4857
108932,2019,343559
109792,2019,7563
113131,2019,6200
114032,2019,399249
118135,2019,543356
119122,2019,6419
119281,2019,552138
125322,2019,14822
126311,2019,26385
127501,2019,41001
127661,2019,15258
131031,2019,77909
133141,2019,9402
133621,2019,429482
136666,2019,7120
137663,2019,1712
138352,2019,13723
138641,2019,176277
138712,2019,79837
138922,2019,24846
139503,2019,96702
144303,2019,31754
144331,2019,19410
145792,2019,67882
146013,2019,16054
146762,2019,70512
147071,2019,137474
147971,2019,50789
148324,2019,8987
149335,2019,67029
149552,2019,47172
152884,2019,31129
155143,2019,40030
157971,2019,18696
158701,2019,22710
162501,2019,5970
162853,2019,13732
163962,2019,60315
164771,2019,11863
166051,2019,72449
168953,2019,27763
174813,2019,7484
175924,2019,397773
177140,2019,380203
177201,2019,55594
181422,2019,30297
182461,2019,3452
183942,2019,55859
185173,2019,389217
185175,2019,272511
185241,2019,12496
187852,2019,7406
188041,2019,28667
188933,2019,25259
189741,2019,5721
193185,2019,93951
193731,2019,2787
194671,2019,9603
198581,2019,34905
201041,2019,106476
202162,2019,30088
202292,2019,28059
202370,2019,16880
203343,2019,53114
203672,2019,62088
204451,2019,200771
204507,2019,32155
204891,2019,5562
205601,2019,16273
206924,2019,183719
209151,2019,14633
209494,2019,5175
211844,2019,12102
213542,2019,30521
213933,2019,14311
214841,2019,15737
215581,2019,24848
215723,2019,53063
216371,2019,7870
216471,2019,11947
221842,2019,35061
223612,2019,8925
227281,2019,15464
228122,2019,28502
232572,2019,101279
233181,2019,36214
235771,2019,273175
237793,2019,1741858
237821,2019,243471
238032,2019,7642
238163,2019,52467
238886,2019,26530
240661,2019,17283
242852,2019,23101
243552,2019,3094
244491,2019,26937
244700,2019,216925
247550,2019,23167
249791,2019,16966
250412,2019,22618
251251,2019,36188
251922,2019,133741
252212,2019,212268
253164,2019,112126
255072,2019,57810
256983,2019,22125
257302,2019,35979
260602,2019,119756
261273,2019,92817
261730,2019,192299
262461,2019,16542
264442,2019,5644
267391,2019,219607
268841,2019,7976
269141,2019,17780
269222,2019,15535
270633,2019,137487
272392,2019,346982
272701,2019,22064
273071,2019,11678
273182,2019,38134
273565,2019,2783
275334,2019,114561
275460,2019,13356
277201,2019,15306
277721,2019,2752
277851,2019,26414
277893,2019,15945
277940,2019,61455
278231,2019,178103
279192,2019,270571
281723,2019,9142
282842,2019,1191
282860,2019,34252
284111,2019,359848
284490,2019,579921
284662,2019,7725
284747,2019,513406
285872,2019,177351
286831,2019,84033
288291,2019,3540
288922,2019,11168
289783,2019,7683
290022,2019,221527
290032,2019,37138
290063,2019,358583
290191,2019,215346
290388,2019,35862
291014,2019,568862
291027,2019,13589
291114,2019,49435
292341,2019,42324
296921,2019,65724
298142,2019,28062
301633,2019,74093
302485,2019,27321
303122,2019,75672
303281,2019,22157
303803,2019,231578
305101,2019,14348
307502,2019,45829
312981,2019,19515
315411,2019,29721
317394,2019,36895
317613,2019,14574
317831,2019,16170
318612,2019,4381
320333,2019,6655
321594,2019,25132
324021,2019,26379
324212,2019,8934
329941,2019,13610
330431,2019,10396
331964,2019,400016
335751,2019,11189
336023,2019,8743
336432,2019,95231
336801,2019,12206
337051,2019,20652
337784,2019,224167
338335,2019,653253
338461,2019,5347
339713,2019,44079
339911,2019,4565
341652,2019,102237
343010,2019,115127
343491,2019,400273
343762,2019,8339
345631,2019,9726
347302,2019,99657
348311,2019,22025
350169,2019,6151
350641,2019,29925
351441,2019,49165
353252,2019,6535
353531,2019,77709
356024,2019,2224
357904,2019,14880
358333,2019,21522
359462,2019,13043
359622,2019,361845
359772,2019,8080
362414,2019,18682
364121,2019,125111
366992,2019,4930
367871,2019,32347
368723,2019,334363
369792,2019,3248
370251,2019,19682
374082,2019,97724
374431,2019,2041
381152,2019,11197
381240,2019,112064
382423,2019,242715
382660,2019,5924
383599,2019,67985
384051,2019,44939
385823,2019,10727
386264,2019,42186
387142,2019,11975
388971,2019,59481
393253,2019,5465
393312,2019,24075
394522,2019,8020
395671,2019,75510
395720,2019,12328
395872,2019,13729
396151,2019,438992
396502,2019,5173
399341,2019,475402
399681,2019,16827
403681,2019,44861
404350,2019,92655
406333,2019,12181
406812,2019,36531
407140,2019,621763
407229,2019,507830
410232,2019,264294
412061,2019,11188
413157,2019,9686
416021,2019,13016
416622,2019,22557
418651,2019,115597
421203,2019,48102
421204,2019,203004
421932,2019,28757
423382,2019,25471
423422,2019,29774
426151,2019,1575
426463,2019,662439
427042,2019,32324
427363,2019,9344
427861,2019,25010
428921,2019,61905
430243,2019,15535
433913,2019,11606
433975,2019,52919
436927,2019,19732
438631,2019,8911
439295,2019,1757
439745,2019,8622
440044,2019,93432
441063,2019,5424
441261,2019,8285
442861,2019,92884
444330,2019,22727
448802,2019,7036
449133,2019,37887
449702,2019,11782
450271,2019,53642
450871,2019,41146
454504,2019,20071
456493,2019,14983
463353,2019,33515
465651,2019,18186
467301,2019,84931
469500,2019,216609
701400,2019,15828
715100,2019,3834
715700,2019,13096
720500,2019,34124
720551,2019,0
720650,2019,61676
720800,2019,94333
721100,2019,27661
721750,2019,14443
722000,2019,43102
723560,2019,1249
723760,2019,64018
724600,2019,20664
724640,2019,17687
483,2019,963224
721,2019,169342
751,2019,77832
803,2019,111149
883,2019,232842
2543,2019,86030
3211,2019,15631
3222,2019,213401
5861,2019,411805
7711,2019,88034
8132,2019,529754
8531,2019,102958
9452,2019,168403
9700,2019,12896
10184,2019,19939
11854,2019,8493
12101,2019,17191
12572,2019,23217
13413,2019,28965
15682,2019,18177
19702,2019,15424
19983,2019,215706
20203,2019,259567
20672,2019,18019
20931,2019,281868
22634,2019,20721
23301,2019,81429
23323,2019,25808
23561,2019,2132
23933,2019,12306
23951,2019,15267
26180,2019,9406
26402,2019,3872
29563,2019,8009
30482,2019,11841
32771,2019,455436
33122,2019,39369
33772,2019,20804
33912,2019,4206
34482,2019,24644
35872,2019,6809
35953,2019,9030
36013,2019,9586
36071,2019,470196
37350,2019,754
38501,2019,10681
39131,2019,51690
39442,2019,336548
39474,2019,226341
39662,2019,11965
41142,2019,139
42841,2019,19085
44005,2019,21877
44042,2019,16774
44239,2019,24726
45132,2019,10647
48503,2019,22361
50151,2019,807718
51261,2019,8717
52532,2019,12962
54292,2019,7881
54604,2019,20950
54891,2019,19764
56475,2019,48869
56558,2019,21260
57141,2019,52190
57303,2019,144257
57851,2019,24134
58121,2019,2032
58841,2019,58004
62802,2019,120434
62871,2019,613151
63411,2019,42193
67312,2019,61181
67903,2019,172876
71791,2019,5977
73083,2019,10785
74322,2019,12200
75021,2019,208490
76825,2019,85435
80942,2019,70848
81456,2019,48972
82133,2019,30495
82961,2019,104790
84711,2019,8506
85993,2019,29680
86072,2019,8445
86313,2019,9655
86561,2019,24017
86772,2019,90061
86781,2019,25258
87941,2019,3669
87966,2019,40373
88236,2019,7726
88371,2019,17877
88512,2019,552147
88751,2019,42060
90112,2019,16318
94997,2019,7649
95006,2019,19644
95052,2019,35737
95405,2019,179095
95451,2019,38768
96611,2019,7463
99631,2019,168656
102173,2019,113706
102246,2019,98015
103166,2019,5663
104143,2019,181752
104282,2019,12416
104301,2019,18474
104801,2019,27378
106582,2019,9262
106673,2019,379684
106681,2019,30333
107511,2019,7022
110761,2019,93
112014,2019,52169
114062,2019,51048
114701,2019,3001
114720,2019,13189
114727,2019,3385
114971,2019,298104
115104,2019,116090
115566,2019,14807
119812,2019,34582
120071,2019,795838
122243,2019,7720
123905,2019,50554
125135,2019,19280
125424,2019,345
125933,2019,41174
136201,2019,152545
136686,2019,76001
137481,2019,178491
138345,2019,9984
138594,2019,13929
138901,2019,54170
139283,2019,31145
139541,2019,27932
141262,2019,14374
141321,2019,768601
141711,2019,10331
141823,2019,19764
142311,2019,10616
142626,2019,40016
143691,2019,33030
143731,2019,30555
154142,2019,6626
154251,2019,56184
154393,2019,29913
154444,2019,50781
154712,2019,362907
156393,2019,10125
158812,2019,55284
159674,2019,32045
161061,2019,15154
163811,2019,133300
164811,2019,25922
165383,2019,2989
165801,2019,1626
165884,2019,8513
166434,2019,150162
166862,2019,13071
167151,2019,11475
168193,2019,12772
171253,2019,4745
172213,2019,29788
173991,2019,366730
178231,2019,9905
182462,2019,15894
183951,2019,27199
184252,2019,4481
190281,2019,18049
192833,2019,25293
193111,2019,24830
193442,2019,265918
199951,2019,16246
201253,2019,13897
201753,2019,32505
202891,2019,2489
203523,2019,64565
204141,2019,16881
204312,2019,2759
208981,2019,208074
212450,2019,7222
212871,2019,116508
215183,2019,6404
218381,2019,3807
219191,2019,29159
221712,2019,15300
223593,2019,75823
224165,2019,1440885
225444,2019,12913
226211,2019,14585
226974,2019,14854
229082,2019,370291
230152,2019,13516
230301,2019,9601
231939,2019,7489
232584,2019,5726
233001,2019,50385
234295,2019,493093
235942,2019,73505
236001,2019,15094
237903,2019,6129
237933,2019,14994
238244,2019,37407
239353,2019,221092
243839,2019,2116
245911,2019,27296
248254,2019,15400
248763,2019,4198
249451,2019,16234
250410,2019,6302
250751,2019,726312
250935,2019,4043
254173,2019,500267
255421,2019,15057
257772,2019,109976
258161,2019,4844
259022,2019,79829
260903,2019,212592
260904,2019,685
262921,2019,30884
263484,2019,6281
263612,2019,5503
263912,2019,22396
264672,2019,10377
266213,2019,1370
266292,2019,236100
266361,2019,17661
266571,2019,21072
267061,2019,43891
270562,2019,10853
271052,2019,11587
272358,2019,230240
272481,2019,7398
274502,2019,3909
274543,2019,71146
274682,2019,21478
274702,2019,31040
274900,2019,22093
275311,2019,36303
275336,2019,23048
277331,2019,344370
278241,2019,24783
278802,2019,24450
278805,2019,41204
282631,2019,14576
282922,2019,23806
283043,2019,30063
283105,2019,2780
283523,2019,38780
283551,2019,10187
284121,2019,1446162
284362,2019,207421
287391,2019,19331
287462,2019,668994
288151,2019,8888
288571,2019,83022
289344,2019,665690
290044,2019,21362
291144,2019,31795
293630,2019,14973
297871,2019,770211
298831,2019,54863
298834,2019,59497
299572,2019,27846
302933,2019,66673
305014,2019,479833
305041,2019,129014
305632,2019,37556
309331,2019,774557
310106,2019,630498
310180,2019,529106
310542,2019,13252
314451,2019,35090
315312,2019,75159
317442,2019,27356
319161,2019,197592
320311,2019,371298
324731,2019,9006
326263,2019,60233
326550,2019,8042
326741,2019,7105
327092,2019,20268
327945,2019,103952
327961,2019,22589
328244,2019,149097
333683,2019,729608
333751,2019,87847
334606,2019,2710
335054,2019,269358
335303,2019,476320
338902,2019,19874
343321,2019,42656
345421,2019,643386
346502,2019,137776
346622,2019,626532
347831,2019,62007
348296,2019,1019595
348314,2019,427267
350414,2019,11160
350542,2019,21777
351052,2019,17538
352610,2019,33033
357751,2019,37683
358561,2019,296592
364961,2019,322478
367052,2019,7594
367453,2019,78212
368801,2019,12286
370073,2019,10341
370483,2019,9490
371131,2019,15383
374903,2019,724745
376802,2019,50828
377083,2019,494818
377441,2019,15571
381260,2019,1128491
382552,2019,111594
385421,2019,221790
385491,2019,100167
386864,2019,57133
386961,2019,64621
387092,2019,92370
387191,2019,94828
387661,2019,17800
390271,2019,5310
390680,2019,28914
390793,2019,154812
390821,2019,29512
391951,2019,2073
392671,2019,11447
393293,2019,26165
394201,2019,165060
395463,2019,29300
395484,2019,50794
396771,2019,27450
396961,2019,39345
399686,2019,14434
399689,2019,16932
399721,2019,44130
403400,2019,6580
405772,2019,32195
407871,2019,24204
408323,2019,486372
409142,2019,29172
409903,2019,27535
411244,2019,9991
412532,2019,3579
414162,2019,36279
418633,2019,351009
418992,2019,133051
419082,2019,16500
420443,2019,27905
421441,2019,52899
421911,2019,152852
421923,2019,7151
422871,2019,46865
423383,2019,364014
423561,2019,10856
423865,2019,3446
424194,2019,7187
424465,2019,4340
426533,2019,138442
427442,2019,8818
427703,2019,27945
429814,2019,296199
430222,2019,15351
430771,2019,17759
431351,2019,346146
431771,2019,92452
433570,2019,35924
434402,2019,12162
436453,2019,1214
437012,2019,80438
437401,2019,22911
437630,2019,384196
438001,2019,44022
439271,2019,30518
439721,2019,187026
439901,2019,13133
439941,2019,5553
441861,2019,15015
444091,2019,9044
446494,2019,21028
446901,2019,5417
450171,2019,15238
452571,2019,36399
454671,2019,24014
455071,2019,258993
457562,2019,22708
457861,2019,24264
460135,2019,1733
462321,2019,799646
463643,2019,13263
464706,2019,277678
468741,2019,1066555
576000,2019,10287
700000,2019,208633
702550,2019,6894
703700,2019,16492
704450,2019,23712
720450,2019,33416
720600,2019,6462
720750,2019,6469
720850,2019,393200
721000,2019,4771
721450,2019,197481
722040,2019,24275
722200,2019,63249
722241,2019,8250
723960,2019,183039
724760,2019,267857
724800,2019,1237182
12,2019,412142
54,2019,277795
311,2019,123832
612,2019,305715
741,2019,20644
814,2019,46984
1031,2019,15366
2982,2019,154753
4731,2019,693746
6212,2019,184006
6611,2019,274823
7491,2019,1758521
8361,2019,230842
8425,2019,33370
8513,2019,6143
8621,2019,27165
9802,2019,255631
9920,2019,10101
10192,2019,5102
10552,2019,450743
12612,2019,11922
13161,2019,5112
13513,2019,45974
13622,2019,295538
13683,2019,17721
13685,2019,5010
14033,2019,5354
14222,2019,132243
15792,2019,11022
16573,2019,73409
17545,2019,64245
18291,2019,306340
18861,2019,31260
18866,2019,4577
20311,2019,50440
21532,2019,9834
22636,2019,251965
23392,2019,20642
23513,2019,50439
24246,2019,3304
26132,2019,17877
27834,2019,37336
28462,2019,73590
31236,2019,26993
31331,2019,10941
33791,2019,9281
35861,2019,27257
36122,2019,34864
36282,2019,916112
40293,2019,539333
41134,2019,9043
42717,2019,2843
44502,2019,3064
45471,2019,21417
47950,2019,5668
48241,2019,4580
52174,2019,14564
52619,2019,7940
53461,2019,164035
57221,2019,5947
57821,2019,41547
58143,2019,94829
59211,2019,57737
62121,2019,3321
66714,2019,3759
66835,2019,4259
67021,2019,81441
68025,2019,35275
68114,2019,347942
69231,2019,26579
71901,2019,28959
73098,2019,86317
74662,2019,35921
76821,2019,10642
78542,2019,13820
81101,2019,21537
81451,2019,71717
82604,2019,51319
83601,2019,638752
84441,2019,16847
84712,2019,5968
85851,2019,8176
87772,2019,9854
89481,2019,11917
90345,2019,211823
90763,2019,61525
90932,2019,45702
91033,2019,6968
92302,2019,364523
93261,2019,79794
94711,2019,13907
95413,2019,5972
95562,2019,5364
95732,2019,12410
97431,2019,9244
103985,2019,9140
104391,2019,4431
104824,2019,61463
106262,2019,6439
106291,2019,11603
108298,2019,15837
108774,2019,112618
109836,2019,19155
110351,2019,23905
111621,2019,33437
112825,2019,562
114564,2019,2762
114621,2019,92212
114664,2019,227891
115562,2019,10808
117742,2019,4283
118495,2019,157487
119181,2019,9218
120241,2019,2454
120434,2019,6947
121792,2019,5421
122525,2019,10536
125513,2019,12240
127821,2019,107453
128421,2019,64044
129441,2019,26465
130653,2019,26370
133212,2019,23552
133381,2019,7126
136753,2019,4777
136912,2019,39976
138462,2019,6240
139232,2019,11700
140713,2019,15307
141031,2019,9538
142522,2019,505356
144981,2019,66612
146371,2019,2551
146393,2019,25246
146931,2019,39984
147084,2019,239468
147521,2019,51058
148024,2019,51556
148811,2019,11361
153083,2019,263303
155414,2019,7370
157231,2019,116031
159364,2019,20276
162212,2019,40030
162213,2019,10028
164022,2019,9522
164831,2019,13123
167035,2019,9596
168942,2019,11928
171242,2019,11413
172682,2019,28738
172743,2019,21763
173332,2019,12553
173432,2019,10908
179852,2019,164275
181262,2019,119435
181553,2019,42729
183301,2019,10224
184852,2019,2435
185023,2019,16729
185044,2019,21871
187022,2019,29140
187201,2019,20825
187365,2019,4601
187515,2019,6837
188341,2019,41579
188762,2019,6345
189830,2019,13957
190194,2019,118066
192631,2019,10558
193591,2019,5864
195021,2019,5724
196901,2019,45807
199831,2019,14527
200332,2019,12440
202551,2019,25228
204534,2019,16486
207170,2019,6506
213491,2019,41982
215092,2019,16652
215621,2019,609
215634,2019,17775
216451,2019,58439
216843,2019,21191
220603,2019,443011
222030,2019,5804
222481,2019,34187
225081,2019,836902
226883,2019,16669
229262,2019,51636
229833,2019,680613
231270,2019,213917
232454,2019,441493
234801,2019,402686
236594,2019,286824
238013,2019,797898
238421,2019,11244
238494,2019,35530
239412,2019,1557
241923,2019,15383
244492,2019,69292
245883,2019,577453
246501,2019,133284
246763,2019,29242
248151,2019,13091
249441,2019,410833
249471,2019,5804
249563,2019,39434
249831,2019,22530
253763,2019,74777
254005,2019,360263
256211,2019,893673
260731,2019,20506
263563,2019,38321
264123,2019,15605
264591,2019,1863429
267832,2019,62130
268733,2019,10923
268813,2019,20150
269635,2019,11438
269843,2019,25871
273631,2019,139772
274603,2019,55897
275201,2019,21618
275771,2019,27745
276086,2019,16064
276361,2019,58019
278432,2019,364942
278721,2019,12839
279663,2019,4226
280653,2019,9429
282583,2019,2685
283412,2019,5652
284113,2019,12709
284155,2019,52972
284207,2019,3864
284613,2019,1127325
284631,2019,19039
287472,2019,53510
288024,2019,6652
291731,2019,5433
293121,2019,63222
293392,2019,8162
293801,2019,14990
299281,2019,38609
299511,2019,7550
300801,2019,22585
303475,2019,21078
306414,2019,2018
306521,2019,139525
306601,2019,15458
307135,2019,456481
307361,2019,67055
307943,2019,58399
309891,2019,2318
312973,2019,9549
313151,2019,535672
314471,2019,27406
314601,2019,380
315251,2019,18282
317291,2019,1912
318801,2019,10698
319022,2019,12023
320411,2019,6584
320771,2019,29904
320873,2019,8049
321121,2019,12908
322721,2019,272378
322952,2019,27946
323493,2019,48492
328621,2019,16377
329792,2019,37268
330021,2019,33281
330052,2019,147482
335108,2019,86163
336191,2019,249158
338342,2019,13757
339810,2019,10194
339852,2019,67338
340411,2019,146520
341321,2019,58602
342071,2019,50871
342900,2019,28316
343750,2019,24764
344352,2019,136728
344590,2019,7663
349322,2019,154388
349492,2019,20718
349524,2019,31870
351333,2019,15131
352923,2019,9803
354301,2019,18427
357672,2019,21109
360572,2019,3814
362074,2019,37088
362773,2019,548822
363480,2019,209244
364205,2019,546779
368403,2019,4929
368614,2019,207665
369781,2019,28230
373599,2019,2652
374021,2019,9958
374582,2019,10531
375012,2019,45027
375325,2019,529295
377892,2019,2629
378061,2019,5542
382412,2019,273635
383261,2019,72717
384532,2019,8756
385371,2019,21396
386192,2019,31047
386792,2019,292792
390024,2019,250418
390184,2019,55212
392710,2019,23966
397231,2019,218926
400305,2019,150471
401371,2019,20496
402242,2019,705
402493,2019,148380
404603,2019,458137
405462,2019,14182
405831,2019,6946
408122,2019,52944
408441,2019,11786
408682,2019,2088
408744,2019,89939
411461,2019,22945
415471,2019,4591
417332,2019,12779
418121,2019,13239
419912,2019,13060
421242,2019,4277
422432,2019,190120
423061,2019,1299429
423501,2019,7710
424781,2019,39168
426761,2019,32222
427312,2019,6098
428103,2019,14934
428483,2019,38622
428711,2019,8838
428942,2019,21700
428961,2019,78030
429951,2019,31768
430261,2019,38496
430446,2019,20989
430886,2019,45978
430923,2019,6689
431023,2019,146047
431604,2019,11471
433972,2019,15833
436962,2019,46341
438622,2019,66986
439061,2019,65046
439503,2019,9007
439942,2019,12968
440286,2019,20897
441172,2019,20123
442002,2019,12331
442370,2019,33087
444143,2019,11569
445201,2019,23649
446204,2019,8952
446302,2019,379279
447622,2019,108690
450575,2019,54925
454032,2019,3158
454712,2019,74950
455770,2019,31748
456362,2019,35121
456762,2019,99823
457983,2019,14074
458401,2019,11553
460784,2019,201387
461663,2019,96149
462953,2019,205813
463723,2019,76728
463931,2019,37413
464692,2019,68175
465920,2019,3516
710250,2019,8953
718750,2019,27110
719400,2019,282245
720000,2019,10229
720250,2019,9934
721500,2019,58028
721900,2019,28877
722080,2019,5578
722240,2019,15892
722720,2019,8777
723800,2019,4624
723840,2019,12272
724280,2019,6723
724840,2019,23552
35,2019,118069
481,2019,409922
531,2019,35866
801,2019,52629
1392,2019,53875
2251,2019,3012613
5691,2019,52483
5841,2019,7865
5852,2019,433102
6531,2019,112149
7394,2019,307651
8161,2019,695177
8391,2019,252265
8661,2019,36774
9803,2019,1330204
9950,2019,127852
12833,2019,10747
13151,2019,20689
13454,2019,204415
14533,2019,7749
15374,2019,333276
15741,2019,28958
16081,2019,7739
16803,2019,33578
17803,2019,537008
17961,2019,875469
19242,2019,7121
19901,2019,26535
22051,2019,3398
22231,2019,14994
23131,2019,27442
23241,2019,220944
23541,2019,604549
25179,2019,27715
26662,2019,325249
27573,2019,10185
29062,2019,1490
29123,2019,19657
30761,2019,20173
32092,2019,54624
32363,2019,30950
32651,2019,7181
32941,2019,16296
33621,2019,31039
35272,2019,153399
36352,2019,22303
39174,2019,1575
40708,2019,58130
41781,2019,13806
42201,2019,125947
42621,2019,114934
44131,2019,5227
45602,2019,7993
46613,2019,14244
47476,2019,2698
52141,2019,15081
52162,2019,62195
54692,2019,1012
54931,2019,106655
57451,2019,320862
59351,2019,11687
59604,2019,135869
62804,2019,135617
64352,2019,1131
66761,2019,12935
66923,2019,4504
67304,2019,37276
67711,2019,12158
67904,2019,597420
67981,2019,18137
68423,2019,6302
68517,2019,19731
72985,2019,170796
74339,2019,10537
74471,2019,485390
75703,2019,16130
80981,2019,9858
82741,2019,16711
82752,2019,8720
84382,2019,547980
84745,2019,19038
84830,2019,50081
84831,2019,121726
84981,2019,26627
85981,2019,7305
86173,2019,142828
87646,2019,69881
89644,2019,18367
90312,2019,35909
90313,2019,431476
94745,2019,19751
94802,2019,18789
94922,2019,194121
95041,2019,75403
96533,2019,316275
96950,2019,7366
99051,2019,9295
104032,2019,137617
104863,2019,3059
104933,2019,25558
105092,2019,26546
105404,2019,29398
106031,2019,35434
108592,2019,23384
110372,2019,49598
111071,2019,181654
111583,2019,23072
112095,2019,64231
112811,2019,8573
113271,2019,114784
114211,2019,40553
114523,2019,39601
114717,2019,28722
115334,2019,3152
115511,2019,5080
115521,2019,15051
115565,2019,57986
116021,2019,34142
117025,2019,18931
118073,2019,50017
119054,2019,5850
120293,2019,694551
120963,2019,7195
123914,2019,269904
125291,2019,2623
127103,2019,17940
128541,2019,137344
128605,2019,9637
130633,2019,7441
133681,2019,19042
136672,2019,17066
138741,2019,93468
139022,2019,57663
141410,2019,43587
141631,2019,355983
141657,2019,214209
141712,2019,9264
142171,2019,26421
143720,2019,16543
143772,2019,1540
144262,2019,95817
145241,2019,243942
147471,2019,4495
149362,2019,91148
149631,2019,286855
152732,2019,15111
158201,2019,13046
158783,2019,327353
160742,2019,7649
160923,2019,33599
163150,2019,1884
164003,2019,11813
164112,2019,11487
164731,2019,7700
168071,2019,28375
169572,2019,4503
171650,2019,5239
171881,2019,96577
172744,2019,28661
173083,2019,7538
174961,2019,10363
175404,2019,10962
175513,2019,66905
177112,2019,11303
177663,2019,20402
180261,2019,17911
181351,2019,393926
184213,2019,26697
185002,2019,43659
187793,2019,16219
188251,2019,8911
188591,2019,110918
189661,2019,30595
191591,2019,43421
192961,2019,65158
194541,2019,56669
195211,2019,10990
195741,2019,12085
199121,2019,228830
199152,2019,54266
199153,2019,23848
200262,2019,4216
201482,2019,4830
201661,2019,48214
203311,2019,191756
203910,2019,7170
204111,2019,243642
205213,2019,16789
209682,2019,6252
213122,2019,3728
213233,2019,4038
215502,2019,190012
216171,2019,19023
216851,2019,6967
220074,2019,8747
220334,2019,10690
220681,2019,418909
222821,2019,18289
222841,2019,15778
224413,2019,115276
226040,2019,15901
226125,2019,532916
228305,2019,9623
228311,2019,18577
228370,2019,10472
228531,2019,19108
230475,2019,40515
233062,2019,1494797
233802,2019,20320
234273,2019,59494
234296,2019,7669
234297,2019,10955
236511,2019,4864
237554,2019,188484
238164,2019,34557
238351,2019,9288
238461,2019,31899
242003,2019,24240
244481,2019,16334
247565,2019,53171
248192,2019,1162
249581,2019,4076
252342,2019,95133
252701,2019,7054
252712,2019,30648
252742,2019,3140
255991,2019,15533
258812,2019,122058
261032,2019,63355
261351,2019,34590
261603,2019,842670
261623,2019,115636
263261,2019,4288
266752,2019,129019
266962,2019,41071
268972,2019,175008
271055,2019,50347
274201,2019,5072
276554,2019,31061
279184,2019,14110
280894,2019,106332
283051,2019,49858
284502,2019,11493
287452,2019,264461
292201,2019,14888
292377,2019,35411
292782,2019,675803
293531,2019,410627
294891,2019,91739
295122,2019,306363
296615,2019,3689
298964,2019,27575
299451,2019,8151
299685,2019,22314
302312,2019,3428
302596,2019,586101
303445,2019,19833
305402,2019,7956
306243,2019,1140
307543,2019,79942
310485,2019,30183
310645,2019,22193
310925,2019,26049
312221,2019,13737
312443,2019,14607
313842,2019,18883
313912,2019,4892
314931,2019,392143
317345,2019,19470
317911,2019,8155
318483,2019,12576
318782,2019,23920
319302,2019,842411
319582,2019,20209
320783,2019,25926
320971,2019,279127
321132,2019,115167
321343,2019,18303
321854,2019,35749
323884,2019,12577
326085,2019,122157
329531,2019,20881
330574,2019,119855
331401,2019,524903
333304,2019,4567
333901,2019,106359
335055,2019,132577
335473,2019,7039
336732,2019,837631
337353,2019,21939
338145,2019,35418
338212,2019,6579
338332,2019,28307
339013,2019,42553
339254,2019,379835
339664,2019,1827
339871,2019,116402
340043,2019,377663
340874,2019,245513
341752,2019,21253
341771,2019,679
342020,2019,454
342112,2019,129091
343951,2019,15484
344532,2019,5471
344571,2019,9698
347175,2019,22828
347732,2019,18091
351034,2019,28205
351621,2019,9009
353201,2019,14814
354782,2019,16651
355933,2019,45760
356431,2019,23338
359082,2019,723903
362693,2019,170756
364503,2019,63387
364632,2019,21513
364991,2019,265365
368764,2019,10941
370411,2019,29504
372923,2019,16585
376842,2019,311647
378233,2019,12011
379671,2019,21025
381912,2019,20573
382760,2019,61017
383589,2019,23490
384792,2019,15693
385392,2019,58021
385941,2019,20069
387501,2019,7032
390452,2019,11943
391451,2019,6764
392882,2019,1975
396242,2019,41035
396275,2019,15622
398525,2019,21602
398526,2019,64694
398574,2019,3878
398731,2019,524055
399893,2019,8873
402243,2019,10145
402431,2019,14898
403281,2019,61076
404612,2019,20282
405509,2019,4535
406352,2019,24940
407321,2019,207775
409303,2019,30158
411333,2019,8294
412251,2019,20265
413111,2019,32319
414352,2019,16505
416921,2019,134508
425503,2019,4785
425783,2019,18148
426301,2019,7700
426831,2019,33479
426921,2019,22565
429621,2019,4454
430404,2019,5197
430620,2019,38735
431352,2019,607933
431551,2019,842
432661,2019,40420
432832,2019,58923
435331,2019,36681
437561,2019,155548
437562,2019,174199
437674,2019,34964
438291,2019,233418
439583,2019,25327
441352,2019,20497
441383,2019,150233
441876,2019,87176
443601,2019,84641
444144,2019,7504
446171,2019,33336
446804,2019,25919
449542,2019,10253
450742,2019,33153
451594,2019,28949
451631,2019,126467
453462,2019,4523
455951,2019,8145
456251,2019,75854
456305,2019,11529
456402,2019,5274
457411,2019,44839
457563,2019,26900
457576,2019,25428
459221,2019,36786
460033,2019,28273
462304,2019,5612
462644,2019,11998
463372,2019,23278
464001,2019,2186
465872,2019,7655
469181,2019,145081
469602,2019,50460
701401,2019,34274
707300,2019,218451
707900,2019,869328
718200,2019,21632
718210,2019,179084
720150,2019,56892
720200,2019,877398
720300,2019,65863
720350,2019,4974
720400,2019,36265
721602,2019,11014
721850,2019,4414
722120,2019,13031
723120,2019,23682
723200,2019,8281
723680,2019,24147
724000,2019,5021
724080,2019,54511
724320,2019,427828
724440,2019,3523
55,2020,19379
204,2020,55232
301,2020,37409
451,2020,124223
731,2020,101335
891,2020,5017
1393,2020,34632
1681,2020,1082659
7231,2020,38484
8331,2020,70774
8353,2020,85435
8422,2020,41281
8514,2020,19746
9351,2020,4649
9600,2020,428669
9616,2020,41420
9906,2020,177666
75492,2020,9354
67333,2020,5366
12401,2020,6590
14071,2020,5679
14073,2020,19309
74553,2020,7123
48422,2020,27477
76073,2020,23477
45266,2020,39414
11101,2020,11347
77732,2020,2821
84292,2020,5328
11527,2020,39662
13405,2020,64001
27833,2020,24661
86693,2020,862
86952,2020,8541
49632,2020,12708
73021,2020,36917
82762,2020,5242
85902,2020,4121
14102,2020,15562
86544,2020,18587
30891,2020,61123
17325,2020,25039
19325,2020,72003
57473,2020,9599
80572,2020,2699
19464,2020,19882
19491,2020,73336
19507,2020,2806
38772,2020,12146
25722,2020,8573
23102,2020,6423
84556,2020,21969
68046,2020,134798
25038,2020,0
29144,2020,3144
25571,2020,5714
92542,2020,5744
30164,2020,11295
30184,2020,273569
57582,2020,23861
61504,2020,12659
67324,2020,3237
31544,2020,7621
57172,2020,12144
36672,2020,61
72881,2020,3299
33801,2020,155449
58272,2020,1698
34182,2020,22807
37881,2020,3874
89152,2020,2567
39428,2020,4314
44892,2020,3146
45372,2020,4752
47645,2020,3457
59690,2020,4186
69641,2020,29093
73423,2020,15946
50901,2020,4390
65861,2020,11268
86832,2020,2240
55532,2020,2208
86031,2020,1301
60942,2020,1951
92329,2020,142257
61082,2020,8236
85211,2020,8211
88991,2020,5219
68371,2020,3168
75694,2020,90818
80991,2020,5182
81673,2020,1976
81080,2020,5060
84761,2020,35014
86930,2020,1843
85323,2020,4538
85861,2020,1177
93201,2020,14716
99411,2020,3551
101491,2020,4813
101692,2020,8498
102284,2020,10171
102531,2020,3208
102853,2020,7338
103922,2020,1273
104051,2020,35182
104091,2020,2634
104881,2020,61052
104994,2020,27534
105091,2020,6568
105652,2020,18879
105931,2020,2141
106072,2020,7134
107251,2020,13421
113523,2020,1386
113611,2020,8394
115891,2020,23390
117051,2020,48765
117341,2020,18023
117921,2020,4737
119305,2020,329801
119331,2020,5310
120181,2020,152053
121951,2020,16472
122291,2020,4367
122720,2020,12410
123373,2020,16105
125201,2020,18861
127232,2020,5263
127571,2020,5271
128114,2020,36329
128142,2020,573
128535,2020,6289
136773,2020,6240
138172,2020,16558
138595,2020,31377
138715,2020,29111
140082,2020,743
140521,2020,12286
142082,2020,4883
142371,2020,12815
142752,2020,4291
142995,2020,100581
144230,2020,1182
146576,2020,3806
148227,2020,133042
148321,2020,1563
150801,2020,6351
152882,2020,18658
154488,2020,64630
154813,2020,3703
154921,2020,3275
155711,2020,3731
157011,2020,1754
158801,2020,1724
159923,2020,17800
160410,2020,2707
162844,2020,29250
170435,2020,71873
172043,2020,3952
172104,2020,60847
172662,2020,6064
172741,2020,41936
172860,2020,87612
172914,2020,8680
172961,2020,11413
175923,2020,8839
176722,2020,4676
176873,2020,5470
178423,2020,9386
179902,2020,1617
182282,2020,5529
182931,2020,10851
184053,2020,5596
184364,2020,11403
184581,2020,13615
185116,2020,169675
186232,2020,4977
187191,2020,2730
187441,2020,3821
188681,2020,6674
191372,2020,6706
193373,2020,149769
197622,2020,6617
198721,2020,4163
201524,2020,28222
201632,2020,936
201821,2020,2862
202085,2020,22998
202214,2020,11566
202562,2020,214890
205001,2020,4080
210701,2020,8675
213462,2020,5806
214541,2020,14431
217372,2020,4764
224532,2020,2835
227031,2020,54494
227982,2020,3252
229261,2020,18324
232586,2020,63194
232943,2020,5354
233722,2020,13411
233742,2020,3601
233941,2020,7040
235561,2020,2674
235831,2020,544
236833,2020,14480
237945,2020,1604
238021,2020,28844
239121,2020,13340
242422,2020,14057
244496,2020,165949
244715,2020,3495
246432,2020,8373
249942,2020,15899
252134,2020,14057
252991,2020,2248
253313,2020,4952
253442,2020,1354
254781,2020,46225
255911,2020,12240
258652,2020,19006
258732,2020,8200
258952,2020,2377
261581,2020,8375
262622,2020,26208
263372,2020,3913
264151,2020,19164
267243,2020,5311
267433,2020,11636
267481,2020,1789
268122,2020,16733
268583,2020,92060
269255,2020,16270
270673,2020,4170
271071,2020,34653
271162,2020,1971
272101,2020,11006
274272,2020,1742
274732,2020,8747
275205,2020,36654
275273,2020,79199
275751,2020,1303
276221,2020,2133
276351,2020,10122
276712,2020,9753
279662,2020,741
282092,2020,10947
282411,2020,3418
282651,2020,37678
282999,2020,906
284694,2020,9177
285966,2020,95690
285975,2020,12872
286912,2020,4673
290093,2020,27523
290975,2020,89652
291822,2020,21954
291891,2020,75389
291964,2020,7976
292231,2020,18130
292374,2020,125161
294314,2020,1647
294861,2020,39288
295254,2020,21881
295493,2020,5067
297122,2020,16580
297601,2020,13871
297962,2020,2492
299122,2020,1951
300171,2020,3560
301624,2020,6493
301781,2020,4589
302453,2020,10313
304442,2020,11839
305031,2020,16862
307692,2020,17904
308231,2020,22537
308361,2020,84377
309443,2020,8883
313704,2020,154
314413,2020,19555
314823,2020,45758
315332,2020,7142
317384,2020,15736
318661,2020,24881
318711,2020,73777
318981,2020,15278
320532,2020,7476
320561,2020,3273
321135,2020,5792
321912,2020,3005
322592,2020,3328
323812,2020,10162
323840,2020,422
324302,2020,6519
329162,2020,6215
329501,2020,17087
333600,2020,763
334921,2020,2699
335711,2020,4366
338172,2020,1716
338590,2020,86345
338953,2020,24683
339311,2020,13781
339491,2020,4155
339851,2020,2124
342332,2020,7220
344002,2020,1213
347162,2020,41642
348315,2020,6381
348442,2020,1795
350023,2020,2397
350390,2020,408
352223,2020,6543
353161,2020,48784
355993,2020,1617
356871,2020,25507
362034,2020,42456
362651,2020,10080
363131,2020,3711
364945,2020,2791
365434,2020,20300
365721,2020,12114
367911,2020,3572
371581,2020,6726
372146,2020,106259
372181,2020,9505
372341,2020,5640
373722,2020,4455
376531,2020,2439
377271,2020,44749
379013,2020,1635
379403,2020,11662
381941,2020,71664
383245,2020,71562
383585,2020,61959
383961,2020,5858
385401,2020,6592
385793,2020,20717
386782,2020,310
387041,2020,1318
388371,2020,14528
390791,2020,11199
391331,2020,5454
398251,2020,2523
399432,2020,2902
402249,2020,2645
404692,2020,2527
405441,2020,22653
407211,2020,17138
407220,2020,126686
409463,2020,1673
411540,2020,24052
412322,2020,13465
412415,2020,2515
412623,2020,20639
416701,2020,4613
421997,2020,101803
422160,2020,77542
426120,2020,226644
426273,2020,16243
426924,2020,112854
429132,2020,231974
430102,2020,2198
430455,2020,27694
431732,2020,150608
431801,2020,59886
434682,2020,2017
437682,2020,7679
438461,2020,3406
439502,2020,1969
439990,2020,177204
440961,2020,9445
441953,2020,7391
444791,2020,7332
447605,2020,1137
448762,2020,9779
448981,2020,19849
449661,2020,82214
450503,2020,10478
452961,2020,1207
454531,2020,13257
463842,2020,14183
464453,2020,21352
465193,2020,8416
466201,2020,2483
468243,2020,7154
468473,2020,1204
468533,2020,3807
469245,2020,10983
470161,2020,611
575001,2020,173415
700250,2020,5926
703300,2020,1981
706850,2020,1463
709650,2020,2753
719456,2020,74569
720700,2020,92145
720950,2020,160638
721200,2020,194998
721250,2020,88701
722760,2020,394222
723480,2020,71309
723600,2020,150948
724048,2020,69001
724120,2020,343905
724520,2020,67220
31,2020,75648
321,2020,123537
733,2020,7337
802,2020,39046
821,2020,55381
1791,2020,33837
3741,2020,18127
8291,2020,49941
8341,2020,14474
8374,2020,28076
8451,2020,11615
8632,2020,170162
9900,2020,173285
10992,2020,30614
11592,2020,86644
12454,2020,3343
12562,2020,5260
13423,2020,54697
13686,2020,92569
14114,2020,7493
14445,2020,80071
14693,2020,2815
17082,2020,643
17303,2020,10922
17326,2020,229212
18701,2020,3532
19941,2020,49609
19945,2020,12782
19984,2020,3388
21571,2020,5412
23262,2020,3602
23491,2020,1342
24753,2020,553
25032,2020,78772
28113,2020,6705
28264,2020,12932
28661,2020,3387
28732,2020,4735
28991,2020,7306
29373,2020,9106
29741,2020,4364
33751,2020,13278
36602,2020,7246
38592,2020,714
38931,2020,7868
42011,2020,3277
42075,2020,39333
45876,2020,5332
45877,2020,126576
46862,2020,12762
49522,2020,4120
50033,2020,49725
50833,2020,8199
53122,2020,37711
58735,2020,30182
58773,2020,131110
59033,2020,4922
61132,2020,6015
67734,2020,8119
68212,2020,235
68561,2020,4183
68562,2020,1505
71942,2020,19602
73099,2020,70781
73371,2020,1689
73582,2020,1398
77351,2020,155682
77733,2020,50890
78505,2020,8032
80391,2020,136118
81311,2020,16822
81414,2020,3359
81541,2020,6420
81545,2020,138138
82392,2020,3747
82603,2020,7358
83071,2020,58153
84734,2020,1722
84774,2020,4361
84781,2020,4514
84782,2020,2371
86103,2020,99473
86353,2020,11487
86860,2020,1829
88111,2020,4964
89105,2020,48333
90191,2020,6174
91492,2020,4110
92441,2020,2451
94743,2020,16296
95044,2020,15803
95076,2020,154675
96184,2020,22946
96641,2020,1219
99031,2020,26833
103201,2020,9311
103561,2020,6034
104164,2020,6777
104181,2020,18117
104642,2020,1804
104661,2020,3166
104851,2020,8906
105375,2020,13416
106181,2020,5723
107043,2020,58762
108192,2020,6937
108932,2020,4600
109792,2020,23035
113131,2020,6881
114032,2020,21250
118135,2020,2922
119122,2020,4174
119281,2020,2536
125322,2020,5860
126311,2020,20382
127501,2020,5227
127661,2020,1446
131031,2020,9221
133141,2020,4196
133621,2020,2495
136666,2020,73125
137663,2020,1657
138352,2020,71197
138641,2020,18132
138712,2020,86092
138922,2020,25392
139503,2020,15603
144303,2020,1247
144331,2020,3463
145792,2020,8079
146013,2020,6132
146762,2020,21513
147071,2020,61099
147971,2020,49771
148324,2020,114572
149335,2020,6742
149552,2020,6037
152884,2020,3329
155143,2020,6005
157971,2020,34443
158701,2020,14749
162501,2020,337
162853,2020,51310
163962,2020,10482
164771,2020,4568
166051,2020,10214
168953,2020,4866
174813,2020,1580
175924,2020,10294
177140,2020,470
177201,2020,5991
181422,2020,14580
182461,2020,5233
183942,2020,6296
185173,2020,8780
185175,2020,178
185241,2020,1756
187852,2020,5390
188041,2020,10084
188933,2020,10669
189741,2020,87575
193185,2020,7560
193731,2020,49999
194671,2020,168168
198581,2020,8754
201041,2020,2769
202162,2020,12479
202292,2020,29704
202370,2020,3209
203343,2020,7132
203672,2020,967
204451,2020,4755
204507,2020,10686
204891,2020,10802
205601,2020,4188
206924,2020,5499
209151,2020,292439
209494,2020,3503
211844,2020,45534
213542,2020,9844
213933,2020,4514
214841,2020,12164
215581,2020,5277
215723,2020,16966
216371,2020,5615
216471,2020,2925
221842,2020,5768
223612,2020,4765
227281,2020,76816
228122,2020,1591
232572,2020,4772
233181,2020,3221
235771,2020,33450
237793,2020,2439
237821,2020,1559
238032,2020,76279
238163,2020,22348
238886,2020,219424
240661,2020,6147
242852,2020,4584
243552,2020,17063
244491,2020,5755
244700,2020,127890
247550,2020,664
249791,2020,79627
250412,2020,9201
251251,2020,4754
251922,2020,3513
252212,2020,1897
253164,2020,5156
255072,2020,4155
256983,2020,25461
257302,2020,22686
260602,2020,6012
261273,2020,13187
261730,2020,168321
262461,2020,1089
264442,2020,2098
267391,2020,4974
268841,2020,3818
269141,2020,6972
269222,2020,6365
270633,2020,7657
272392,2020,15081
272701,2020,7864
273071,2020,5779
273182,2020,4326
273565,2020,63527
275334,2020,10153
275460,2020,6302
277201,2020,1915
277721,2020,3614
277851,2020,6971
277893,2020,1640
277940,2020,4973
278231,2020,23595
279192,2020,6405
281723,2020,4186
282842,2020,8409
282860,2020,1082
284111,2020,69423
284490,2020,47768
284662,2020,50780
284747,2020,26031
285872,2020,9056
286831,2020,8467
288291,2020,12666
288922,2020,4077
289783,2020,98346
290022,2020,39934
290032,2020,36562
290063,2020,1878
290191,2020,223424
290388,2020,188260
291014,2020,173839
291027,2020,69534
291114,2020,15883
292341,2020,22615
296921,2020,723
298142,2020,5600
301633,2020,17707
302485,2020,53858
303122,2020,3480
303281,2020,35802
303803,2020,1908
305101,2020,4373
307502,2020,59047
312981,2020,45896
315411,2020,1808
317394,2020,27173
317613,2020,8548
317831,2020,5731
318612,2020,12035
320333,2020,40647
321594,2020,3845
324021,2020,3568
324212,2020,1492
329941,2020,2277
330431,2020,2980
331964,2020,6729
335751,2020,1906
336023,2020,12205
336432,2020,10321
336801,2020,8109
337051,2020,3362
337784,2020,18686
338335,2020,7048
338461,2020,17251
339713,2020,2892
339911,2020,190712
341652,2020,25803
343010,2020,415
343491,2020,8555
343762,2020,6360
345631,2020,9526
347302,2020,5313
348311,2020,8452
350169,2020,4507
350641,2020,5609
351441,2020,4653
353252,2020,2477
353531,2020,43158
356024,2020,18018
357904,2020,20842
358333,2020,28321
359462,2020,5232
359622,2020,8957
359772,2020,88059
362414,2020,9490
364121,2020,5006
366992,2020,4077
367871,2020,5800
368723,2020,20393
369792,2020,402362
370251,2020,5378
374082,2020,7869
374431,2020,11857
381152,2020,7170
381240,2020,1407
382423,2020,4881
382660,2020,3021
383599,2020,63807
384051,2020,3688
385823,2020,35880
386264,2020,64224
387142,2020,6894
388971,2020,47975
393253,2020,87912
393312,2020,10415
394522,2020,2579
395671,2020,250073
395720,2020,1025
395872,2020,13303
396151,2020,7438
396502,2020,5190
399341,2020,4685
399681,2020,5849
403681,2020,30654
404350,2020,3140
406333,2020,3365
406812,2020,25333
407140,2020,3427
407229,2020,59857
410232,2020,9820
412061,2020,5272
413157,2020,100963
416021,2020,2282
416622,2020,3141
418651,2020,2020
421203,2020,1353
421204,2020,3304
421932,2020,6987
423382,2020,13262
423422,2020,4107
426151,2020,6457
426463,2020,7414
427042,2020,7037
427363,2020,9779
427861,2020,8241
428921,2020,1613
430243,2020,95387
433913,2020,5143
433975,2020,222687
436927,2020,44110
438631,2020,22938
439295,2020,24578
439745,2020,4363
440044,2020,197484
441063,2020,7783
441261,2020,9069
442861,2020,3351
444330,2020,13086
448802,2020,9886
449133,2020,7409
449702,2020,34761
450271,2020,2146
450871,2020,1857
454504,2020,29116
456493,2020,24210
463353,2020,25049
465651,2020,15639
467301,2020,6731
469500,2020,12834
701400,2020,1183
715100,2020,9029
715700,2020,1635
720500,2020,37764
720551,2020,118438
720650,2020,41177
720800,2020,99759
721100,2020,125375
721750,2020,63269
722000,2020,5399
723560,2020,13042
723760,2020,188008
724600,2020,63196
724640,2020,3229
483,2020,19479
721,2020,60802
751,2020,18589
803,2020,10222
883,2020,30183
2543,2020,3846
3211,2020,70514
3222,2020,255340
5861,2020,94158
7711,2020,56355
8132,2020,164857
8531,2020,25325
9452,2020,92428
9700,2020,261343
10184,2020,12265
11854,2020,3642
12101,2020,11705
12572,2020,3833
13413,2020,143527
15682,2020,14642
19702,2020,5316
19983,2020,12934
20203,2020,24580
20672,2020,34463
20931,2020,85492
22634,2020,12942
23301,2020,4116
23323,2020,23428
23561,2020,3494
23933,2020,15731
23951,2020,22579
26180,2020,6160
26402,2020,10051
29563,2020,531
30482,2020,6788
32771,2020,2435
33122,2020,15108
33772,2020,9972
33912,2020,5332
34482,2020,2343
35872,2020,17895
35953,2020,4348
36013,2020,14047
36071,2020,8065
37350,2020,4258
38501,2020,1652
39131,2020,1331
39442,2020,285
39474,2020,30421
39662,2020,8349
41142,2020,23681
42841,2020,6431
44005,2020,2855
44042,2020,2817
44239,2020,2029
45132,2020,6642
48503,2020,17239
50151,2020,46537
51261,2020,11046
52532,2020,2982
54292,2020,3950
54604,2020,85452
54891,2020,32177
56475,2020,30487
56558,2020,2352
57141,2020,203672
57303,2020,4607
57851,2020,777
58121,2020,7376
58841,2020,1111
62802,2020,111684
62871,2020,146187
63411,2020,122280
67312,2020,1368
67903,2020,688
71791,2020,4899
73083,2020,213689
74322,2020,8612
75021,2020,13298
76825,2020,127512
80942,2020,5130
81456,2020,195646
82133,2020,20002
82961,2020,3803
84711,2020,36043
85993,2020,5050
86072,2020,610
86313,2020,6737
86561,2020,10320
86772,2020,2224
86781,2020,52036
87941,2020,8796
87966,2020,4216
88236,2020,26920
88371,2020,2788
88512,2020,3462
88751,2020,2879
90112,2020,8918
94997,2020,72285
95006,2020,12592
95052,2020,3511
95405,2020,5389
95451,2020,8502
96611,2020,10108
99631,2020,4115
102173,2020,6595
102246,2020,109478
103166,2020,137441
104143,2020,2464
104282,2020,8593
104301,2020,29908
104801,2020,4777
106582,2020,1288
106673,2020,4188
106681,2020,2236
107511,2020,6182
110761,2020,5823
112014,2020,13046
114062,2020,3460
114701,2020,39077
114720,2020,52380
114727,2020,82484
114971,2020,6462
115104,2020,10495
115566,2020,9988
119812,2020,2633
120071,2020,546
122243,2020,3393
123905,2020,1544
125135,2020,8592
125424,2020,1177
125933,2020,676
136201,2020,2949
136686,2020,28544
137481,2020,3097
138345,2020,13125
138594,2020,1394
138901,2020,77116
139283,2020,1182
139541,2020,38790
141262,2020,3511
141321,2020,2455
141711,2020,16065
141823,2020,12111
142311,2020,5410
142626,2020,70252
143691,2020,2103
143731,2020,28790
154142,2020,5349
154251,2020,2334
154393,2020,152244
154444,2020,13709
154712,2020,2495
156393,2020,5508
158812,2020,3270
159674,2020,11560
161061,2020,4237
163811,2020,4773
164811,2020,11449
165383,2020,1431
165801,2020,4375
165884,2020,9845
166434,2020,61636
166862,2020,4020
167151,2020,2510
168193,2020,13080
171253,2020,6862
172213,2020,14834
173991,2020,3562
178231,2020,6458
182462,2020,3650
183951,2020,34074
184252,2020,11605
190281,2020,2863
192833,2020,1372
193111,2020,58548
193442,2020,14420
199951,2020,25297
201253,2020,7891
201753,2020,2619
202891,2020,486
203523,2020,5230
204141,2020,2599
204312,2020,6661
208981,2020,4852
212450,2020,1285
212871,2020,1257
215183,2020,136997
218381,2020,1496
219191,2020,111924
221712,2020,5811
223593,2020,11109
224165,2020,13405
225444,2020,72180
226211,2020,9053
226974,2020,257929
229082,2020,1718
230152,2020,10963
230301,2020,10397
231939,2020,2636
232584,2020,12016
233001,2020,119942
234295,2020,726
235942,2020,1915
236001,2020,230370
237903,2020,200369
237933,2020,175664
238244,2020,4272
239353,2020,149744
243839,2020,2663
245911,2020,3773
248254,2020,32028
248763,2020,1815
249451,2020,36211
250410,2020,7580
250751,2020,2434
250935,2020,11501
254173,2020,514
255421,2020,3090
257772,2020,2509
258161,2020,65682
259022,2020,3516
260903,2020,9295
260904,2020,4399
262921,2020,6724
263484,2020,7299
263612,2020,4431
263912,2020,10171
264672,2020,7648
266213,2020,1238
266292,2020,2080
266361,2020,189712
266571,2020,2882
267061,2020,6896
270562,2020,3409
271052,2020,23450
272358,2020,2048
272481,2020,3626
274502,2020,2728
274543,2020,3612
274682,2020,1690
274702,2020,15786
274900,2020,1378
275311,2020,360348
275336,2020,3163
277331,2020,2829
278241,2020,12420
278802,2020,5284
278805,2020,4740
282631,2020,143700
282922,2020,3754
283043,2020,13181
283105,2020,154791
283523,2020,2078
283551,2020,4505
284121,2020,49885
284362,2020,3498
287391,2020,15258
287462,2020,7309
288151,2020,25736
288571,2020,2356
289344,2020,13665
290044,2020,101738
291144,2020,133081
293630,2020,633
297871,2020,15081
298831,2020,71758
298834,2020,184953
299572,2020,24630
302933,2020,7583
305014,2020,44080
305041,2020,106874
305632,2020,15805
309331,2020,1300
310106,2020,1585
310180,2020,77290
310542,2020,4372
314451,2020,2949
315312,2020,12090
317442,2020,8415
319161,2020,11417
320311,2020,38835
324731,2020,3985
326263,2020,2871
326550,2020,26986
326741,2020,1469
327092,2020,1153
327945,2020,440235
327961,2020,16930
328244,2020,72766
333683,2020,5168
333751,2020,9647
334606,2020,23863
335054,2020,54285
335303,2020,5028
338902,2020,8257
343321,2020,3979
345421,2020,7060
346502,2020,79635
346622,2020,7734
347831,2020,1676
348296,2020,69360
348314,2020,1062
350414,2020,118198
350542,2020,3523
351052,2020,44865
352610,2020,213204
357751,2020,7510
358561,2020,3699
364961,2020,73
367052,2020,7997
367453,2020,790
368801,2020,66002
370073,2020,9424
370483,2020,10959
371131,2020,7804
374903,2020,2686
376802,2020,2162
377083,2020,45708
377441,2020,4005
381260,2020,6168
382552,2020,57074
385421,2020,1533
385491,2020,9565
386864,2020,891
386961,2020,2461
387092,2020,1923
387191,2020,5014
387661,2020,3907
390271,2020,1626
390680,2020,1564
390793,2020,133392
390821,2020,1585
391951,2020,2173
392671,2020,5915
393293,2020,11209
394201,2020,7525
395463,2020,2484
395484,2020,10928
396771,2020,764
396961,2020,1083
399686,2020,25492
399689,2020,59169
399721,2020,4535
403400,2020,3825
405772,2020,25327
407871,2020,111866
408323,2020,59829
409142,2020,1391
409903,2020,8740
411244,2020,1627
412532,2020,1534
414162,2020,12436
418633,2020,2378
418992,2020,4921
419082,2020,20727
420443,2020,8473
421441,2020,2760
421911,2020,14275
421923,2020,4224
422871,2020,9939
423383,2020,9444
423561,2020,7306
423865,2020,7136
424194,2020,77117
424465,2020,8132
426533,2020,1497
427442,2020,1128
427703,2020,6793
429814,2020,11230
430222,2020,75747
430771,2020,10606
431351,2020,10548
431771,2020,250906
433570,2020,167522
434402,2020,7994
436453,2020,161346
437012,2020,19250
437401,2020,20944
437630,2020,760
438001,2020,7708
439271,2020,3663
439721,2020,6887
439901,2020,4775
439941,2020,45349
441861,2020,45525
444091,2020,2665
446494,2020,41269
446901,2020,5623
450171,2020,9234
452571,2020,105861
454671,2020,16663
455071,2020,3330
457562,2020,3774
457861,2020,3643
460135,2020,864
462321,2020,63759
463643,2020,35767
464706,2020,75774
468741,2020,6095
576000,2020,251318
700000,2020,225678
702550,2020,6048
703700,2020,1127
704450,2020,559
720450,2020,110177
720600,2020,62203
720750,2020,118263
720850,2020,155195
721000,2020,235231
721450,2020,118026
722040,2020,82055
722200,2020,1732
722241,2020,139874
723960,2020,55690
724760,2020,2513
724800,2020,24575
12,2020,81917
54,2020,80996
311,2020,148381
612,2020,50265
741,2020,33324
814,2020,17790
1031,2020,19663
2982,2020,78870
4731,2020,172475
6212,2020,131257
6611,2020,496865
7491,2020,197201
8361,2020,20163
8425,2020,55838
8513,2020,47300
8621,2020,55439
9802,2020,2392
9920,2020,187681
10192,2020,79017
10552,2020,514
12612,2020,3172
13161,2020,3943
13513,2020,16629
13622,2020,9408
13683,2020,2939
13685,2020,1111
14033,2020,12635
14222,2020,2182
15792,2020,2364
16573,2020,6821
17545,2020,105557
18291,2020,26206
18861,2020,137014
18866,2020,216384
20311,2020,1414
21532,2020,15976
22636,2020,68669
23392,2020,4721
23513,2020,9149
24246,2020,54143
26132,2020,4171
27834,2020,3394
28462,2020,191441
31236,2020,67758
31331,2020,156
33791,2020,84672
35861,2020,5162
36122,2020,20843
36282,2020,10305
40293,2020,5510
41134,2020,16324
42717,2020,57794
44502,2020,7866
45471,2020,19280
47950,2020,12693
48241,2020,2860
52174,2020,72087
52619,2020,2784
53461,2020,7492
57221,2020,10649
57821,2020,12701
58143,2020,16387
59211,2020,3066
62121,2020,4130
66714,2020,1709
66835,2020,22897
67021,2020,988
68025,2020,17338
68114,2020,1974
69231,2020,4776
71901,2020,1226
73098,2020,311
74662,2020,9636
76821,2020,19650
78542,2020,13889
81101,2020,22063
81451,2020,68548
82604,2020,7145
83601,2020,2745
84441,2020,2347
84712,2020,39955
85851,2020,1073
87772,2020,10248
89481,2020,3238
90345,2020,811
90763,2020,2912
90932,2020,3092
91033,2020,386
92302,2020,3682
93261,2020,14147
94711,2020,2648
95413,2020,44928
95562,2020,87633
95732,2020,4247
97431,2020,45798
103985,2020,23717
104391,2020,5337
104824,2020,11613
106262,2020,24968
106291,2020,4537
108298,2020,1868
108774,2020,22477
109836,2020,110875
110351,2020,233168
111621,2020,12354
112825,2020,9736
114564,2020,21897
114621,2020,40613
114664,2020,11576
115562,2020,3747
117742,2020,12346
118495,2020,53413
119181,2020,6230
120241,2020,4485
120434,2020,2036
121792,2020,3200
122525,2020,6077
125513,2020,5432
127821,2020,8986
128421,2020,27486
129441,2020,9788
130653,2020,3070
133212,2020,109103
133381,2020,2010
136753,2020,13738
136912,2020,3400
138462,2020,4213
139232,2020,10795
140713,2020,5062
141031,2020,1549
142522,2020,5644
144981,2020,207604
146371,2020,33659
146393,2020,37998
146931,2020,2055
147084,2020,4753
147521,2020,3334
148024,2020,7182
148811,2020,10179
153083,2020,8288
155414,2020,10929
157231,2020,41606
159364,2020,17705
162212,2020,9645
162213,2020,3800
164022,2020,7453
164831,2020,13776
167035,2020,1384
168942,2020,14304
171242,2020,22714
172682,2020,4792
172743,2020,9448
173332,2020,4333
173432,2020,3488
179852,2020,11081
181262,2020,8915
181553,2020,132
183301,2020,233378
184852,2020,6716
185023,2020,48007
185044,2020,44081
187022,2020,52451
187201,2020,4605
187365,2020,5004
187515,2020,31160
188341,2020,4234
188762,2020,2153
189830,2020,2107
190194,2020,9551
192631,2020,3029
193591,2020,5817
195021,2020,19500
196901,2020,21315
199831,2020,50589
200332,2020,10203
202551,2020,32788
204534,2020,5779
207170,2020,1949
213491,2020,7687
215092,2020,2429
215621,2020,1260
215634,2020,54319
216451,2020,1738
216843,2020,32910
220603,2020,2274
222030,2020,4787
222481,2020,2919
225081,2020,3105
226883,2020,7571
229262,2020,11150
229833,2020,16017
231270,2020,529869
232454,2020,59732
234801,2020,29096
236594,2020,34886
238013,2020,8456
238421,2020,3967
238494,2020,12910
239412,2020,4170
241923,2020,7434
244492,2020,49816
245883,2020,2490
246501,2020,20044
246763,2020,7149
248151,2020,9386
249441,2020,88909
249471,2020,66259
249563,2020,23111
249831,2020,248991
253763,2020,30656
254005,2020,11583
256211,2020,18185
260731,2020,66974
263563,2020,4224
264123,2020,2507
264591,2020,12322
267832,2020,6264
268733,2020,164635
268813,2020,14818
269635,2020,70054
269843,2020,10612
273631,2020,6840
274603,2020,4384
275201,2020,143374
275771,2020,1354
276086,2020,136278
276361,2020,2246
278432,2020,12145
278721,2020,12740
279663,2020,80956
280653,2020,63309
282583,2020,14071
283412,2020,4644
284113,2020,53317
284155,2020,20
284207,2020,181614
284613,2020,109024
284631,2020,124755
287472,2020,8063
288024,2020,8289
291731,2020,4583
293121,2020,6635
293392,2020,10827
293801,2020,2056
299281,2020,6372
299511,2020,2581
300801,2020,17956
303475,2020,15576
306414,2020,17727
306521,2020,409833
306601,2020,5556
307135,2020,113212
307361,2020,4097
307943,2020,13496
309891,2020,3239
312973,2020,3113
313151,2020,685
314471,2020,12335
314601,2020,5817
315251,2020,4816
317291,2020,43459
318801,2020,17415
319022,2020,4114
320411,2020,6753
320771,2020,8331
320873,2020,118689
321121,2020,3828
322721,2020,5346
322952,2020,20826
323493,2020,8240
328621,2020,2726
329792,2020,13416
330021,2020,34438
330052,2020,12138
335108,2020,277220
336191,2020,5910
338342,2020,6523
339810,2020,2173
339852,2020,30561
340411,2020,5013
341321,2020,5353
342071,2020,19955
342900,2020,12984
343750,2020,341565
344352,2020,55234
344590,2020,246666
349322,2020,3894
349492,2020,15361
349524,2020,110194
351333,2020,4324
352923,2020,46798
354301,2020,5051
357672,2020,12388
360572,2020,4578
362074,2020,8260
362773,2020,15853
363480,2020,12783
364205,2020,53113
368403,2020,5833
368614,2020,4446
369781,2020,78712
373599,2020,779
374021,2020,12113
374582,2020,7848
375012,2020,1935
375325,2020,5453
377892,2020,2927
378061,2020,1947
382412,2020,20905
383261,2020,18962
384532,2020,70569
385371,2020,1065
386192,2020,8880
386792,2020,4082
390024,2020,57906
390184,2020,6343
392710,2020,5998
397231,2020,4072
400305,2020,14040
401371,2020,2430
402242,2020,1501
402493,2020,5469
404603,2020,23639
405462,2020,36816
405831,2020,8335
408122,2020,2790
408441,2020,27621
408682,2020,11593
408744,2020,2630
411461,2020,32964
415471,2020,182234
417332,2020,2753
418121,2020,6437
419912,2020,7305
421242,2020,111287
422432,2020,13772
423061,2020,10444
423501,2020,1175
424781,2020,3327
426761,2020,1629
427312,2020,1540
428103,2020,6856
428483,2020,2089
428711,2020,7130
428942,2020,11181
428961,2020,2979
429951,2020,40238
430261,2020,8730
430446,2020,373778
430886,2020,30866
430923,2020,2799
431023,2020,8849
431604,2020,7818
433972,2020,28336
436962,2020,4999
438622,2020,3301
439061,2020,3628
439503,2020,7354
439942,2020,12612
440286,2020,7213
441172,2020,4565
442002,2020,7824
442370,2020,87938
444143,2020,4279
445201,2020,3549
446204,2020,5690
446302,2020,542
447622,2020,65265
450575,2020,4560
454032,2020,6344
454712,2020,2640
455770,2020,4026
456362,2020,5230
456762,2020,8832
457983,2020,1189
458401,2020,25873
460784,2020,23115
461663,2020,8740
462953,2020,18523
463723,2020,7836
463931,2020,25986
464692,2020,13097
465920,2020,2222
710250,2020,4953
718750,2020,161686
719400,2020,2607
720000,2020,1639
720250,2020,91998
721500,2020,129606
721900,2020,107206
722080,2020,727
722240,2020,935
722720,2020,5310
723800,2020,116053
723840,2020,1149
724280,2020,1632
724840,2020,52
35,2020,45293
481,2020,283901
531,2020,129665
801,2020,27111
1392,2020,12905
2251,2020,42641
5691,2020,144054
5841,2020,78853
5852,2020,40402
6531,2020,84853
7394,2020,174210
8161,2020,14844
8391,2020,17171
8661,2020,30666
9803,2020,51795
9950,2020,82424
12833,2020,1081
13151,2020,3266
13454,2020,12670
14533,2020,86008
15374,2020,12147
15741,2020,4563
16081,2020,30283
16803,2020,13505
17803,2020,49471
17961,2020,6042
19242,2020,3510
19901,2020,180146
22051,2020,20015
22231,2020,177988
23131,2020,4161
23241,2020,18007
23541,2020,2763
25179,2020,422
26662,2020,60803
27573,2020,3600
29062,2020,6700
29123,2020,68204
30761,2020,7575
32092,2020,6036
32363,2020,25713
32651,2020,98103
32941,2020,15294
33621,2020,1761
35272,2020,1981
36352,2020,6202
39174,2020,4576
40708,2020,215259
41781,2020,6123
42201,2020,5863
42621,2020,23595
44131,2020,7939
45602,2020,20095
46613,2020,14733
47476,2020,153048
52141,2020,35703
52162,2020,11900
54692,2020,9537
54931,2020,7324
57451,2020,2030
59351,2020,2758
59604,2020,8031
62804,2020,263278
64352,2020,2531
66761,2020,65267
66923,2020,180567
67304,2020,4961
67711,2020,4351
67904,2020,2329
67981,2020,10416
68423,2020,143231
68517,2020,19588
72985,2020,61752
74339,2020,22560
74471,2020,3281
75703,2020,22953
80981,2020,16938
82741,2020,884
82752,2020,4470
84382,2020,1288
84745,2020,5787
84830,2020,4861
84831,2020,5410
84981,2020,1353
85981,2020,1074
86173,2020,2135
87646,2020,3574
89644,2020,15630
90312,2020,30331
90313,2020,5490
94745,2020,25994
94802,2020,11256
94922,2020,5611
95041,2020,144
96533,2020,2270
96950,2020,509
99051,2020,8224
104032,2020,8052
104863,2020,14347
104933,2020,1536
105092,2020,2272
105404,2020,53041
106031,2020,10377
108592,2020,2474
110372,2020,16327
111071,2020,2605
111583,2020,17622
112095,2020,118531
112811,2020,18977
113271,2020,984
114211,2020,1560
114523,2020,8202
114717,2020,20285
115334,2020,22470
115511,2020,4772
115521,2020,5021
115565,2020,3848
116021,2020,5542
117025,2020,849
118073,2020,5822
119054,2020,6787
120293,2020,17699
120963,2020,5226
123914,2020,18446
125291,2020,2640
127103,2020,22130
128541,2020,32547
128605,2020,15016
130633,2020,8738
133681,2020,13029
136672,2020,32240
138741,2020,45896
139022,2020,4769
141410,2020,187620
141631,2020,9470
141657,2020,122994
141712,2020,75
142171,2020,14009
143720,2020,164916
143772,2020,4402
144262,2020,2838
145241,2020,144151
147471,2020,2312
149362,2020,2443
149631,2020,12547
152732,2020,2757
158201,2020,3197
158783,2020,7214
160742,2020,15693
160923,2020,26669
163150,2020,64407
164003,2020,26325
164112,2020,13901
164731,2020,1161
168071,2020,1376
169572,2020,2515
171650,2020,13271
171881,2020,1741
172744,2020,8396
173083,2020,4384
174961,2020,10555
175404,2020,1506
175513,2020,18490
177112,2020,6259
177663,2020,2080
180261,2020,2790
181351,2020,6722
184213,2020,15359
185002,2020,27513
187793,2020,3980
188251,2020,8258
188591,2020,37166
189661,2020,2751
191591,2020,5246
192961,2020,16142
194541,2020,6244
195211,2020,23090
195741,2020,46808
199121,2020,3326
199152,2020,1012
199153,2020,4271
200262,2020,1214
201482,2020,2086
201661,2020,13398
203311,2020,8020
203910,2020,136963
204111,2020,1865
205213,2020,363
209682,2020,2983
213122,2020,1376
213233,2020,2232
215502,2020,6224
216171,2020,66130
216851,2020,396
220074,2020,119383
220334,2020,8738
220681,2020,11144
222821,2020,5735
222841,2020,5597
224413,2020,150326
226040,2020,522268
226125,2020,171976
228305,2020,16434
228311,2020,94374
228370,2020,157645
228531,2020,3381
230475,2020,12849
233062,2020,5801
233802,2020,7078
234273,2020,1227
234296,2020,8258
234297,2020,401
236511,2020,23460
237554,2020,11049
238164,2020,118778
238351,2020,51171
238461,2020,138517
242003,2020,17881
244481,2020,8557
247565,2020,10073
248192,2020,24636
249581,2020,39790
252342,2020,2200
252701,2020,1706
252712,2020,9987
252742,2020,6602
255991,2020,14922
258812,2020,9312
261032,2020,1873
261351,2020,2149
261603,2020,15475
261623,2020,7008
263261,2020,8187
266752,2020,4472
266962,2020,18436
268972,2020,8852
271055,2020,11479
274201,2020,43446
276554,2020,8844
279184,2020,5045
280894,2020,6535
283051,2020,12893
284502,2020,9297
287452,2020,32036
292201,2020,3023
292377,2020,47265
292782,2020,7997
293531,2020,1907
294891,2020,9307
295122,2020,2760
296615,2020,4940
298964,2020,7287
299451,2020,6429
299685,2020,13303
302312,2020,11133
302596,2020,2245
303445,2020,2420
305402,2020,19221
306243,2020,9252
307543,2020,179733
310485,2020,1400
310645,2020,4077
310925,2020,12489
312221,2020,5146
312443,2020,14912
313842,2020,5522
313912,2020,5051
314931,2020,1777
317345,2020,35670
317911,2020,4845
318483,2020,3635
318782,2020,23782
319302,2020,38470
319582,2020,2245
320783,2020,6489
320971,2020,785
321132,2020,24953
321343,2020,7397
321854,2020,3454
323884,2020,6302
326085,2020,19844
329531,2020,214068
330574,2020,3039
331401,2020,13223
333304,2020,81350
333901,2020,100755
335055,2020,41627
335473,2020,1370
336732,2020,4048
337353,2020,5217
338145,2020,35411
338212,2020,3730
338332,2020,25641
339013,2020,102199
339254,2020,8316
339664,2020,79057
339871,2020,57004
340043,2020,2557
340874,2020,87955
341752,2020,50350
341771,2020,11861
342020,2020,7004
342112,2020,20923
343951,2020,3952
344532,2020,77707
344571,2020,57371
347175,2020,40489
347732,2020,25927
351034,2020,8971
351621,2020,15409
353201,2020,52980
354782,2020,98079
355933,2020,50405
356431,2020,7625
359082,2020,6929
362693,2020,2378
364503,2020,40282
364632,2020,243
364991,2020,5144
368764,2020,55806
370411,2020,46842
372923,2020,57744
376842,2020,6040
378233,2020,9525
379671,2020,15346
381912,2020,30585
382760,2020,23622
383589,2020,53783
384792,2020,3543
385392,2020,3959
385941,2020,2535
387501,2020,12627
390452,2020,25199
391451,2020,3462
392882,2020,4792
396242,2020,723
396275,2020,106075
398525,2020,3449
398526,2020,7757
398574,2020,106064
398731,2020,14448
399893,2020,2106
402243,2020,3316
402431,2020,3832
403281,2020,10536
404612,2020,33881
405509,2020,11937
406352,2020,3618
407321,2020,2042
409303,2020,95
411333,2020,1943
412251,2020,8373
413111,2020,14546
414352,2020,8949
416921,2020,2626
425503,2020,428429
425783,2020,6341
426301,2020,147341
426831,2020,4908
426921,2020,15146
429621,2020,265
430404,2020,1427
430620,2020,30117
431352,2020,72421
431551,2020,10256
432661,2020,12015
432832,2020,9267
435331,2020,897
437561,2020,6776
437562,2020,21518
437674,2020,7643
438291,2020,10189
439583,2020,4905
441352,2020,9278
441383,2020,2390
441876,2020,159486
443601,2020,13791
444144,2020,329118
446171,2020,9383
446804,2020,25445
449542,2020,13621
450742,2020,1305
451594,2020,1542
451631,2020,3579
453462,2020,7763
455951,2020,7701
456251,2020,20508
456305,2020,5506
456402,2020,6821
457411,2020,215265
457563,2020,23971
457576,2020,268911
459221,2020,9141
460033,2020,5775
462304,2020,781
462644,2020,1962
463372,2020,2971
464001,2020,8316
465872,2020,9112
469181,2020,852
469602,2020,70807
701401,2020,1104
707300,2020,59258
707900,2020,94376
718200,2020,163851
718210,2020,35007
720150,2020,111890
720200,2020,94247
720300,2020,280683
720350,2020,79044
720400,2020,287776
721602,2020,24466
721850,2020,58759
722120,2020,52451
723120,2020,36602
723200,2020,1509
723680,2020,108998
724000,2020,92990
724080,2020,14964
724320,2020,184465
724440,2020,57182
